"","pathway","pval","padj","ES","NES","nMoreExtreme","size","leadingEdge"
"1","HALLMARK_OXIDATIVE_PHOSPHORYLATION",0.00625,0.0107758620689655,0.30440670710847,1.60925765600595,0,200,"c(""SUPV3L1"", ""SUCLA2"", ""NDUFV1"", ""ECI1"", ""RHOT2"", ""DLST"", ""AFG3L2"", ""PDHA1"", ""SLC25A6"", ""BCKDHA"", ""IDH3B"", ""PMPCA"", ""SLC25A4"", ""CYB5A"", ""MRPL34"", ""ACO2"", ""NDUFB2"", ""SUCLG1"", ""NNT"", ""LRPPRC"", ""COX6B1"", ""MRPS22"", ""SLC25A11"", ""MRPL15"", ""UQCR11"", ""AIFM1"", ""IDH3G"", ""ATP5MC1"", ""GLUD1"", ""TIMM13"", ""TIMM50"", ""ATP5F1D"", ""NDUFS7"", ""UQCRC1"", ""POLR2F"", ""IDH3A"", ""UQCRC2"", ""RETSAT"", ""MRPL11"", ""SLC25A3"", ""MDH1"", ""CYC1"", ""OGDH"", ""NDUFA3"", ""GRPEL1"", ""UQCRFS1"", ""VDAC2"", ""TIMM17A"", ""SURF1"", ""NDUFS6"", ""PHYH"", ""FH"", ""COX10"", 
""MFN2"", ""NDUFB8"", ""HADHA"", ""NDUFB7"", ""ACAA1"", ""CPT1A"", ""OPA1"", ""UQCRH"", ""MTX2"", ""ETFDH"", ""MRPL35"", ""ATP6V1D"", ""ATP5MG"", ""MRPS30"", ""NDUFA9"", ""ECHS1"", ""TOMM70"", ""COX5B"", ""NDUFB5"", ""NDUFS3"", ""HSD17B10"", ""SLC25A20"", ""PDHB"")"
"2","HALLMARK_KRAS_SIGNALING_DN",0.170854271356784,0.219043937636902,0.214594475541377,1.11215059577864,33,166,"c(""CLDN8"", ""THRB"", ""COL2A1"", ""NR6A1"", ""FGFR3"", ""CAPN9"", ""P2RY4"", ""PRKN"", ""PCDHB1"", ""LFNG"", ""EDN1"", ""MFSD6"", ""ARHGDIG"", ""GPRC5C"", ""NPY4R"", ""SIDT1"", ""CPB1"", ""RGS11"", ""ZC2HC1C"", ""TFCP2L1"", ""HNF1A"", ""COQ8A"", ""TAS2R4"", ""MAGIX"", ""CD207"", ""ABCG4"", ""IDUA"", ""KRT15"", ""IFI44L"", ""CCDC106"", ""MX1"", ""DLK2"", ""PDK2"", ""MSH5"", ""PRODH"", ""EDAR"", ""UGT2B17"", ""SLC25A23"", ""ZNF112"", ""HSD11B2"", ""ABCB11"", ""ALOX12B"", ""FGGY"", ""SPHK2"")"
"3","HALLMARK_DNA_REPAIR",0.256038647342995,0.312242252857311,0.211520778978428,1.0763274573481,52,148,"c(""POLL"", ""DGCR8"", ""VPS37B"", ""RAD52"", ""POLR2H"", ""AK1"", ""CANT1"", ""UMPS"", ""NT5C"", ""SRSF6"", ""ITPA"", ""TAF9"", ""ERCC5"", ""POM121"", ""ADCY6"", ""NELFB"", ""VPS28"", ""SMAD5"", ""SNAPC4"", ""AK3"", ""STX3"", ""NME3"", ""POLR1C"", ""POLD1"", ""POLR2F"", ""DCTN4"", ""SAC3D1"", ""GTF2A2"", ""GTF2H3"", ""SURF1"", ""APRT"", ""POLB"", ""GTF2H5"", ""NUDT21"", ""ERCC1"", ""NELFE"", ""POLD4"")"
"4","HALLMARK_PANCREAS_BETA_CELLS",0.497159090909091,0.554229647308406,0.253077838705066,0.975614317221826,174,37,"c(""INSM1"", ""CHGA"", ""FOXA2"", ""DCX"", ""NEUROD1"", ""PAX6"", ""HNF1A"", ""GCG"", ""VDR"", ""G6PC2"")"
"5","HALLMARK_MYC_TARGETS_V2",0.912663755458515,0.912663755458515,-0.190729440807488,-0.708025647633509,626,58,"c(""MAP3K6"", ""SRM"", ""HK2"", ""RCL1"", ""SORD"", ""NOLC1"", ""DUSP2"", ""HSPE1"", ""BYSL"", ""WDR74"", ""PLK4"", ""DDX18"", ""CBX3"", ""NPM1"", ""PA2G4"", ""CDK4"", ""NDUFAF4"")"
"6","HALLMARK_WNT_BETA_CATENIN_SIGNALING",0.768645357686454,0.784331997639238,-0.236787696149606,-0.813663611354804,504,39,"c(""DKK1"", ""NCSTN"", ""WNT5B"", ""CSNK1E"", ""RBPJ"", ""CUL1"", ""NUMB"", ""CCND2"", ""CTNNB1"", ""NOTCH4"", ""DVL2"", ""FZD1"", ""ADAM17"", ""HEY2"")"
"7","HALLMARK_NOTCH_SIGNALING",0.617784711388456,0.657217778072825,-0.271398422703,-0.895035612772898,395,32,"c(""WNT5A"", ""ST3GAL6"", ""NOTCH3"", ""CCND1"", ""DTX1"", ""CUL1"", ""RBX1"", ""HEYL"")"
"8","HALLMARK_BILE_ACID_METABOLISM",0.655957161981258,0.683288710397144,-0.21782076144538,-0.900634069410826,489,106,"c(""AQP9"", ""ACSL1"", ""DIO2"", ""CYP7B1"", ""ATXN1"", ""SLC23A2"", ""ABCD1"", ""LCK"", ""GCLM"", ""ISOC1"", ""RBP1"", ""FADS1"", ""PNPLA8"", ""SLC29A1"", ""FADS2"", ""ABCD2"", ""GC"", ""SULT2B1"", ""SLC35B2"", ""FDXR"", ""PAOX"", ""SOD1"")"
"9","HALLMARK_SPERMATOGENESIS",0.556894243641232,0.605319830044817,-0.229317343585697,-0.948169545316075,415,106,"c(""DCC"", ""IL13RA2"", ""SLC2A5"", ""CHRM4"", ""CLPB"", ""GSG1"", ""PARP2"", ""BUB1"", ""ADCYAP1"", ""IL12RB2"", ""SEPTIN4"", ""TLE4"", ""LPIN1"", ""PGS1"", ""JAM3"", ""HSPA1L"", ""ALOX15"", ""RPL39L"", ""IDE"", ""OAZ3"", ""SYCP1"", ""TALDO1"", ""NCAPH"", ""CDK1"", ""PSMG1"")"
"10","HALLMARK_MITOTIC_SPINDLE",0.498806682577566,0.554229647308406,-0.218872029695185,-0.985449441226787,417,199,"c(""ARHGAP10"", ""WASF1"", ""FSCN1"", ""CDC42EP2"", ""RANBP9"", ""DOCK4"", ""PLEKHG2"", ""CCDC88A"", ""BRCA2"", ""TUBGCP3"", ""DOCK2"", ""MAP1S"", ""ARHGEF3"", ""MYO9B"", ""ABI1"", ""DLGAP5"", ""FARP1"", ""ARL8A"", ""CAPZB"", ""PREX1"", ""BUB1"", ""ARHGAP29"", ""ARAP3"", ""PIF1"", ""FBXO5"", ""LLGL1"", ""MYH10"", ""VCL"", ""MID1IP1"", ""NEDD9"", ""FLNA"", ""SMC4"", ""CLASP1"", ""PCGF5"", ""PKD2"", ""SOS1"", ""EPB41L2"", ""DYNLL2"", ""KIF5B"", ""NCK1"")"
"11","HALLMARK_FATTY_ACID_METABOLISM",0.320400500625782,0.372558721657886,-0.246891882345472,-1.07928083772392,255,155,"c(""IL4I1"", ""G0S2"", ""ACSL4"", ""ACSL1"", ""UBE2L6"", ""NBN"", ""TDO2"", ""RDH11"", ""ELOVL5"", ""PSME1"", ""ME1"", ""LDHA"", ""PTPRG"", ""LGALS1"", ""BLVRA"", ""CBR3"", ""OSTC"", ""ENO2"", ""MIF"", ""GABARAPL1"", ""FMO1"")"
"12","HALLMARK_PEROXISOME",0.267379679144385,0.318309141838554,-0.270739681141591,-1.1156863040787,199,100,"c(""ACSL4"", ""ACSL1"", ""RDH11"", ""ELOVL5"", ""SOD2"", ""ATXN1"", ""DLG4"", ""SLC23A2"", ""ABCD1"", ""CADM1"", ""ESR2"", ""PRDX1"", ""ISOC1"", ""FADS1"", ""SLC25A17"", ""PABPC1"", ""ABCB4"", ""ABCD2"", ""SULT2B1"", ""CRABP2"", ""CTPS1"", ""SLC35B2"", ""IDE"", ""SOD1"")"
"13","HALLMARK_ADIPOGENESIS",0.253317249698432,0.312242252857311,-0.248792905292706,-1.1165585786643,209,195,"c(""STOM"", ""COL4A1"", ""DNAJB9"", ""BCL6"", ""RAB34"", ""NABP1"", ""VEGFB"", ""LPL"", ""TANK"", ""ME1"", ""PFKFB3"", ""CAVIN1"", ""COL15A1"", ""FZD4"", ""ANGPT1"", ""STAT5A"", ""LAMA4"", ""C3"", ""SLC27A1"", ""CD302"", ""NKIRAS1"", ""PIM3"", ""TKT"", ""CDKN2C"", ""IFNGR1"", ""YWHAG"", ""ENPP2"", ""APOE"", ""RMDN3"")"
"14","HALLMARK_ESTROGEN_RESPONSE_LATE",0.04583835946924,0.0619437290124865,-0.292359071879772,-1.30825878269864,37,190,"c(""S100A9"", ""SLC7A5"", ""TFAP2C"", ""BATF"", ""SNX10"", ""ATP2B4"", ""RAB31"", ""XBP1"", ""MDK"", ""SERPINA3"", ""SERPINA1"", ""CAV1"", ""HPRT1"", ""ELOVL5"", ""PRKAR2B"", ""JAK2"", ""PTGES"", ""ABHD2"", ""IGFBP4"", ""OLFM1"", ""CYP26B1"", ""MICB"", ""ASS1"", ""FOXC1"", ""RBBP8"", ""CD44"", ""LAMC2"", ""PPIF"", ""FARP1"", ""TMPRSS3"", ""IL6ST"", ""SLC1A4"", ""RPS6KA2"", ""ZFP36"", ""EGR3"", ""SORD"", ""SLC29A1"", ""ALDH3B1"", ""CCND1"", ""TFPI2"", ""DUSP2"", ""HOMER2"", ""SULT2B1"", ""AMFR"")"
"15","HALLMARK_ESTROGEN_RESPONSE_EARLY",0.0264423076923077,0.0377747252747253,-0.298314886670055,-1.33897939583502,21,196,"c(""SLC7A5"", ""TFAP2C"", ""STC2"", ""RAB31"", ""TGM2"", ""GJA1"", ""XBP1"", ""ELOVL5"", ""JAK2"", ""BHLHE40"", ""RASGRP1"", ""PTGES"", ""ABHD2"", ""IGFBP4"", ""OLFM1"", ""CYP26B1"", ""ELOVL2"", ""DLC1"", ""MICB"", ""CALB2"", ""FOXC1"", ""RBBP8"", ""CD44"", ""PPIF"", ""OLFML3"", ""FARP1"", ""UGCG"", ""TMPRSS3"", ""PODXL"", ""IL6ST"", ""SLC1A4"", ""RPS6KA2"", ""EGR3"", ""MED13L"", ""ALDH3B1"", ""GAB2"", ""MAST4"", ""SLC39A6"", ""CCND1"", ""MUC1"", ""MYBL1"", ""INHBB"", ""WWC1"", ""SULT2B1"", ""B4GALT1"", ""AMFR"", ""SH3BP5"", ""TIPARP"", ""TGIF2"", ""FHL2"", ""DYNLT3"", ""GREB1"", ""PMAIP1"", ""CXCL12"", 
""INPP5F"", ""ARL3"")"
"16","HALLMARK_APICAL_SURFACE",0.0507462686567164,0.0667714061272584,-0.407124562353439,-1.42402241691551,33,41,"c(""GAS1"", ""THY1"", ""MDGA1"", ""LYN"", ""CX3CL1"", ""SULF2"", ""SRPX"", ""ATP6V0A4"", ""IL2RB"", ""PLAUR"", ""LYPD3"")"
"17","HALLMARK_G2M_CHECKPOINT",0.00835322195704057,0.013472938640388,-0.320754761574527,-1.4441662600957,6,199,"c(""SLC7A5"", ""CENPA"", ""PML"", ""TOP1"", ""BRCA2"", ""KPNB1"", ""HIF1A"", ""ATF5"", ""MAP3K20"", ""E2F3"", ""MT2A"", ""CDC25B"", ""BARD1"", ""SLC7A1"", ""BUB1"", ""H2AX"", ""CDKN2C"", ""CHEK1"", ""CDC7"", ""MYBL2"", ""RAD23B"", ""NOLC1"", ""FBXO5"", ""RAD21"", ""CCND1"", ""RPA2"", ""NUP50"", ""HIRA"", ""STMN1"", ""NASP"", ""H2AZ1"", ""SMC4"", ""SMC2"", ""MEIS1"", ""CUL1"", ""TENT4A"", ""HSPA8"", ""TGFB1"", ""TACC3"", ""BCL3"", ""CDKN1B"", ""KIF5B"", ""CCNF"", ""UBE2C"", ""NCL"", ""TOP2A"", ""PRC1"", ""CHAF1A"", ""PLK4"", ""LMNB1"", ""CENPF"", ""ATRX"", ""CDK1"", ""KPNA2"", ""TRA2B"", ""MCM2"", ""PRMT5"", 
""SAP30"", ""CBX1"", ""SMAD3"", ""CDC6"", ""POLA2"", ""RBL1"", ""RAD54L"", ""MCM3"", ""CDK4"", ""MAD2L1"", ""BUB3"", ""ORC6"", ""MAPK14"", ""SUV39H1"", ""DDX39A"", ""DBF4"", ""TNPO2"", ""MTF2"", ""CCNA2"", ""DKC1"", ""AURKB"", ""CDC27"", ""KIF15"", ""KIF11"", ""EWSR1"", ""MCM5"", ""DR1"", ""TROAP"", ""EZH2"")"
"18","HALLMARK_HEME_METABOLISM",0.0060313630880579,0.0107702912286748,-0.323588164553582,-1.44800383833701,4,190,"c(""CTSB"", ""ELL2"", ""SEC14L1"", ""NFE2"", ""CLIC2"", ""SDCBP"", ""PDZK1IP1"", ""PICALM"", ""TOP1"", ""BACH1"", ""SLC7A11"", ""SMOX"", ""BTG2"", ""BPGM"", ""BNIP3L"", ""TNS1"", ""ACP5"", ""BLVRA"", ""GYPC"", ""LAMP2"", ""GYPE"", ""LMO2"", ""SLC11A2"", ""C3"", ""SNCA"", ""TCEA1"", ""ANK1"", ""NARF"", ""KAT2B"", ""GCLM"", ""PIGQ"", ""HTRA2"", ""RCL1"", ""USP15"", ""TMCC2"", ""ADIPOR1"", ""FBXO7"", ""SLC25A37"", ""MPP1"", ""UCP2"", ""TENT5C"", ""H4C3"", ""MARK3"", ""CPOX"", ""TAL1"")"
"19","HALLMARK_E2F_TARGETS",0.00831353919239905,0.013472938640388,-0.322460950219938,-1.45351593146678,6,200,"c(""NBN"", ""TUBB"", ""CDKN2A"", ""MTHFD2"", ""PRDX4"", ""BRCA2"", ""ANP32E"", ""RFC3"", ""DLGAP5"", ""RRM2"", ""CDC25B"", ""CCP110"", ""BARD1"", ""DEK"", ""H2AX"", ""NAP1L1"", ""CDKN2C"", ""DCK"", ""CHEK1"", ""MYBL2"", ""CNOT9"", ""DNMT1"", ""PPP1R8"", ""NOLC1"", ""DUT"", ""RAD21"", ""RPA2"", ""NME1"", ""STMN1"", ""NASP"", ""H2AZ1"", ""SMC4"", ""SPAG5"", ""SLBP"", ""PSMC3IP"", ""TCF19"", ""MXD3"", ""SSRP1"", ""TACC3"", ""CDKN1B"", ""CTPS1"", ""RAD51AP1"", ""TIMELESS"", ""TOP2A"", ""RFC1"", ""PRKDC"", ""PLK4"", ""RAD50"", ""LMNB1"", ""CDK1"", ""KPNA2"", ""TRA2B"", ""MCM2"", ""HMGB2"", ""DCLRE1B"", ""UBR7"", 
""RBBP7"", ""PA2G4"", ""POLA2"", ""MCM3"", ""ATAD2"", ""GINS3"", ""CDK4"", ""MAD2L1"", ""MSH2"", ""TUBG1"", ""ORC6"", ""SNRPB"", ""SUV39H1"", ""PRPS1"", ""MLH1"", ""DDX39A"", ""POLD3"", ""CBX5"", ""SMC6"", ""BRCA1"", ""ASF1B"", ""POP7"", ""AURKB"", ""CDKN1A"", ""KIF18B"")"
"20","HALLMARK_CHOLESTEROL_HOMEOSTASIS",0.04,0.0555555555555556,-0.374706309960237,-1.46936932975961,28,74,"c(""S100A11"", ""LPL"", ""TP53INP1"", ""ANXA5"", ""NIBAN1"", ""PNRC1"", ""ATF5"", ""NFIL3"", ""GPX8"", ""AVPR1A"", ""CLU"", ""STARD4"", ""TNFRSF12A"", ""PLSCR1"", ""LSS"", ""PLAUR"", ""CXCL16"", ""FBXO6"", ""TRIB3"", ""FADS2"", ""STX5"", ""ALCAM"", ""SCD"", ""ERRFI1"", ""PDK3"")"
"21","HALLMARK_TGF_BETA_SIGNALING",0.026431718061674,0.0377747252747253,-0.419918148818041,-1.5407659897675,17,54,"c(""RAB31"", ""SERPINE1"", ""WWTR1"", ""ENG"", ""TGFBR1"", ""HIPK2"", ""FURIN"", ""JUNB"", ""RHOA"", ""UBE2D3"", ""LTBP2"", ""PMEPA1"", ""ACVR1"", ""SKIL"", ""CDKN1C"", ""XIAP"", ""TGFB1"", ""BMPR2"", ""CTNNB1"", ""TRIM33"")"
"22","HALLMARK_GLYCOLYSIS",0.00120918984280532,0.00277008310249307,-0.350252911771722,-1.56900162100933,0,194,"c(""TGFBI"", ""STC1"", ""CENPA"", ""STC2"", ""VCAN"", ""GLRX"", ""SDC2"", ""P4HA1"", ""PKM"", ""CHST2"", ""PGK1"", ""ENO1"", ""SPAG4"", ""ME1"", ""LDHA"", ""HOMER1"", ""DPYSL4"", ""GMPPA"", ""TPST1"", ""DCN"", ""SLC16A3"", ""HSPA5"", ""COL5A1"", ""ENO2"", ""CD44"", ""KIF2A"", ""DDIT4"", ""GNPDA1"", ""MIF"", ""IER3"", ""EGLN3"", ""ERO1A"", ""B3GAT3"", ""SDC3"", ""KDELR3"", ""HK2"", ""LCT"", ""PPIA"", ""PPFIA4"", ""PSMC4"", ""ARPP19"", ""CHPF2"", ""CHST1"", ""STMN1"", ""HDLBP"", ""COPB2"", ""NASP"", ""PLOD1"", ""B4GALT1"", ""CHST4"", ""ALDOB"", ""NANP"", ""GPC4"", ""PDK3"", ""PGAM1"")"
"23","HALLMARK_PI3K_AKT_MTOR_SIGNALING",0.0106382978723404,0.0166223404255319,-0.382851951766668,-1.58047967287365,7,103,"c(""TBK1"", ""DAPP1"", ""PDK1"", ""CALR"", ""HSP90B1"", ""RIT1"", ""PIK3R3"", ""GRB2"", ""AKT1S1"", ""SLA"", ""ACTR3"", ""LCK"", ""PRKCB"", ""RALB"", ""STAT2"", ""NGF"", ""ACTR2"", ""UBE2D3"", ""EIF4E"", ""TRIB3"", ""PLCG1"", ""ITPR2"", ""MAPK8"", ""PLCB1"", ""PTPN11"", ""ADCY2"", ""MAP2K3"", ""CDKN1B"", ""AP2M1"", ""NCK1"", ""GSK3B"", ""ARPC3"")"
"24","HALLMARK_HEDGEHOG_SIGNALING",0.0153846153846154,0.0233100233100233,-0.474887385990694,-1.60412985476838,9,35,"c(""NRP1"", ""THY1"", ""NRCAM"", ""NRP2"", ""PML"", ""CRMP1"", ""RTN1"", ""DPYSL2"")"
"25","HALLMARK_XENOBIOTIC_METABOLISM",0.00119904076738609,0.00277008310249307,-0.362795495050518,-1.62587774233424,0,191,"c(""AQP9"", ""CFB"", ""HSD11B1"", ""KARS1"", ""SERPINE1"", ""SLC6A6"", ""IL1R1"", ""TDO2"", ""ESR1"", ""HPRT1"", ""ELOVL5"", ""SLC35B1"", ""XDH"", ""SHMT2"", ""TPST1"", ""SSR3"", ""SMOX"", ""KYNU"", ""PTGES"", ""BCAT1"", ""IGFBP4"", ""AOX1"", ""FAS"", ""PTGDS"", ""PGD"", ""MT2A"", ""ENPEP"", ""NINJ1"", ""IGF1"", ""SLC22A1"", ""IRF8"", ""GABARAPL1"", ""FMO1"", ""TMEM176B"", ""ACP2"", ""F10"", ""PSMB10"", ""LONP1"", ""APOE"", ""CES1"", ""SLC12A4"", ""COMT"", ""ITIH4"", ""ARPP19"", ""ABCD2"", ""CNDP2"", ""UPP1"", ""VTN"", ""PTS"", ""REG1A"", ""LCAT"", ""ALAS1"", ""SAR1B"", ""GSTO1"", ""PLG"", ""HGFAC"", ""PYCR1"", 
""GCH1"", ""NMT1"", ""ADH7"", ""ARG2"", ""FBLN1"")"
"26","HALLMARK_UV_RESPONSE_UP",0.00126103404791929,0.00277008310249307,-0.391284627022289,-1.70095151618604,0,152,"c(""IL6"", ""IRF1"", ""TAP1"", ""GRINA"", ""ICAM1"", ""CXCL2"", ""MMP14"", ""LYN"", ""SOD2"", ""MGAT1"", ""RASGRP1"", ""CREG1"", ""BTG2"", ""ARRB2"", ""DLG4"", ""PPT1"", ""OLFM1"", ""NPTX2"", ""EIF2S3"", ""FEN1"", ""NFKBIA"", ""C4BPB"", ""ENO2"", ""ATP6V1F"", ""PPIF"", ""BID"", ""FURIN"", ""PSMC3"", ""PARP2"", ""ATP6V1C1"", ""DNAJA1"", ""FMO1"", ""H2AX"", ""CNP"", ""IL6ST"", ""CASP3"", ""HSPA13"", ""HLA-F"", ""JUNB"")"
"27","HALLMARK_MYC_TARGETS_V1",0.00118764845605701,0.00277008310249307,-0.378197355782848,-1.7047517893067,0,200,"c(""KARS1"", ""HPRT1"", ""PGK1"", ""PSMA6"", ""LDHA"", ""PSMB3"", ""PRDX4"", ""PSMA2"", ""ERH"", ""KPNB1"", ""UBA2"", ""PSMA7"", ""XPOT"", ""CANX"", ""PSMB2"", ""SRM"", ""DEK"", ""HNRNPA2B1"", ""NAP1L1"", ""MRPS18B"", ""PWP1"", ""SET"", ""PSMA4"", ""PSMD7"", ""RAD23B"", ""PPIA"", ""PSMD14"", ""PCBP1"", ""RSL1D1"", ""EIF4E"", ""CCT7"", ""NOLC1"", ""DUT"", ""PABPC1"", ""PSMC4"", ""GLO1"", ""NME1"", ""EIF2S2"", ""H2AZ1"", ""PRPS2"", ""PSMD1"", ""HSPE1"", ""CUL1"", ""PSMA1"", ""HDDC2"", ""HNRNPA3"", ""UBE2E1"", ""CTPS1"", ""ETF1"", ""HSP90AB1"", ""HNRNPC"", ""POLE3"", ""RRM1"", ""EIF3J"", ""PTGES3"", ""ABCE1"", 
""DDX18"", ""KPNA2"", ""HNRNPR"", ""TRA2B"", ""MCM2"", ""CBX3"", ""IARS1"", ""NPM1"", ""PSMC6"", ""PA2G4"", ""APEX1"", ""EEF1B2"", ""SNRPG"", ""RPL34"", ""EPRS1"", ""VBP1"", ""SERBP1"", ""EIF1AX"", ""UBE2L3"", ""CDK4"", ""VDAC1"", ""ILF2"", ""MAD2L1"", ""BUB3"", ""YWHAE"")"
"28","HALLMARK_MYOGENESIS",0.00121951219512195,0.00277008310249307,-0.388177552080006,-1.72895653372305,0,178,"c(""IGFBP7"", ""MAPK12"", ""STC2"", ""COL4A2"", ""ACSL1"", ""SPARC"", ""ADAM12"", ""COL3A1"", ""MRAS"", ""COL6A3"", ""COL1A1"", ""AEBP1"", ""FGF2"", ""KIFC3"", ""WWTR1"", ""BHLHE40"", ""PDLIM7"", ""SPHK1"", ""PTP4A3"", ""DENND2B"", ""GJA5"", ""RIT1"", ""APLNR"", ""COL15A1"", ""TPM2"", ""GADD45B"", ""PDE4DIP"", ""MYBPH"", ""PRNP"", ""MYBPC3"", ""LAMA2"", ""IGF1"", ""CLU"", ""COL6A2"", ""MEF2C"", ""CNN3"", ""LPIN1"", ""ITGB1"", ""RB1"", ""PPFIA4"", ""ITGA7"", ""MEF2A"", ""SCD"", ""LSP1"", ""SCHIP1"", ""MYL6B"", ""SOD3"")"
"29","HALLMARK_PROTEIN_SECRETION",0.0013550135501355,0.00277008310249307,-0.422147307419609,-1.72897410217725,0,96,"c(""BNIP3"", ""COPB1"", ""CTSC"", ""VAMP7"", ""SEC24D"", ""M6PR"", ""ARFGAP3"", ""SEC22B"", ""PPT1"", ""LMAN1"", ""ANP32E"", ""TMED10"", ""GNAS"", ""CAV2"", ""TMED2"", ""LAMP2"", ""ARCN1"", ""VAMP4"", ""RAB5A"", ""GOSR2"", ""SEC31A"", ""STX12"", ""COPB2"", ""AP2M1"", ""SGMS1"", ""SOD1"", ""TMX1"", ""PAM"", ""SNX2"", ""ATP6V1H"", ""ATP6V1B1"", ""SCRN1"", ""VPS45"", ""STAM"", ""NAPG"", ""CLN5"", ""GBF1"")"
"30","HALLMARK_P53_PATHWAY",0.00119617224880383,0.00277008310249307,-0.385029521407238,-1.73315242651028,0,198,"c(""STOM"", ""IFI30"", ""SOCS1"", ""TAP1"", ""CASP1"", ""IL1A"", ""PTPRE"", ""TRAFD1"", ""FBXW7"", ""RGS16"", ""SAT1"", ""SEC61A1"", ""SPHK1"", ""MDM2"", ""CDKN2A"", ""ZFP36L1"", ""SLC7A11"", ""BTG2"", ""SERPINB5"", ""RNF19B"", ""DRAM1"", ""GM2A"", ""RALGDS"", ""FAS"", ""PHLDA3"", ""F2R"", ""NINJ1"", ""RHBDF2"", ""TM4SF1"", ""AEN"", ""CD81"", ""DDIT4"", ""SP1"", ""GPX2"", ""CCP110"", ""S100A4"", ""IER3"", ""PITPNC1"", ""NOL8"", ""PVT1"", ""LDHB"", ""CD82"", ""LIF"", ""IRAG2"", ""ZMAT3"", ""MXD1"", ""TRIB3"", ""RB1"", ""PROCR"", ""CTSF"", ""PLK3"", ""INHBB"", ""FGF13"", ""MAPKAPK3"", ""UPP1"", ""DEF6"", ""ADA""
)"
"31","HALLMARK_REACTIVE_OXYGEN_SPECIES_PATHWAY",0.00146842878120411,0.0028239015023156,-0.506298886927872,-1.83062650156172,0,49,"c(""ABCC1"", ""GLRX"", ""ATOX1"", ""SOD2"", ""MPO"", ""PRDX4"", ""PTPA"", ""SBNO2"", ""PRNP"", ""TXNRD1"", ""SELENOS"", ""FES"", ""PRDX1"", ""GCLM"", ""CDKN2D"", ""JUNB"", ""FTL"", ""NDUFB4"", ""LSP1"", ""HHEX"")"
"32","HALLMARK_ANDROGEN_RESPONSE",0.00133689839572193,0.00277008310249307,-0.444916843571657,-1.83344985387356,0,100,"c(""DNAJB9"", ""ELL2"", ""SPCS3"", ""ELOVL5"", ""SAT1"", ""B2M"", ""STEAP4"", ""ACTN1"", ""SEC24D"", ""GUCY1A1"", ""HSD17B14"", ""ABHD2"", ""LMAN1"", ""ITGAV"", ""UBE2J1"", ""SLC38A2"", ""MAF"", ""SRF"", ""ARID5B"", ""TNFAIP8"", ""FADS1"", ""AKAP12"", ""PMEPA1"", ""SORD"", ""NKX3-1"", ""ADAMTS1"", ""CCND1"", ""GNAI3"", ""SCD"", ""HOMER2"", ""B4GALT1"", ""XRCC5"", ""SRP19"")"
"33","HALLMARK_APICAL_JUNCTION",0.00120627261761158,0.00277008310249307,-0.41244885320573,-1.85103069866603,0,195,"c(""MMP2"", ""TGFBI"", ""CD274"", ""CLDN14"", ""VCAN"", ""ICAM1"", ""VWF"", ""SIRPA"", ""MMP9"", ""FBN1"", ""MDK"", ""CDH11"", ""ICAM5"", ""THY1"", ""FSCN1"", ""ZYX"", ""ADAMTS5"", ""NECTIN2"", ""PECAM1"", ""MADCAM1"", ""GNAI2"", ""MSN"", ""ACTN1"", ""NLGN2"", ""PIK3R3"", ""IRS1"", ""CX3CL1"", ""FYB1"", ""MAP3K20"", ""PBX2"", ""SHC1"", ""ADAM9"", ""ITGA2"", ""CNN2"", ""CALB2"", ""PTPRC"", ""RAC2"", ""ARHGEF6"", ""ACTB"", ""VCAM1"", ""LAMC2"", ""CD86"", ""CD34"", ""ARPC2"", ""CERCAM"", ""CD276"", ""TRO"", ""SDC3"", ""NECTIN4"", ""TRAF1"", ""ITGB1"", ""JAM3"", ""PLCG1"", ""SGCE"", ""MYH10"", ""COL16A1"", ""VCL"", 
""AKT3"", ""FLNC"", ""CLDN18"", ""CAP1"", ""EVL"", ""B4GALT1"", ""EPB41L2"", ""RRAS"", ""NEXN"", ""NRXN2"", ""CDH6"", ""ICAM2"", ""MYL9"", ""TSPAN4"", ""MAP4K2"", ""ALOX15B"", ""SKAP2"", ""SYK"")"
"34","HALLMARK_UV_RESPONSE_DN",0.00127064803049555,0.00277008310249307,-0.486956380448079,-2.10218432949542,0,144,"c(""ABCC1"", ""ATP2B4"", ""GJA1"", ""RUNX1"", ""SDC2"", ""RGS4"", ""SERPINE1"", ""LAMC1"", ""EFEMP1"", ""COL3A1"", ""NRP1"", ""RBPMS"", ""COL1A1"", ""CAV1"", ""FBLN5"", ""PRKAR2B"", ""PDGFRB"", ""BHLHE40"", ""COL1A2"", ""COL5A2"", ""GRK5"", ""ATXN1"", ""PTPRM"", ""F3"", ""NFKB1"", ""AMPH"", ""ADGRL2"", ""PIK3R3"", ""MAGI2"", ""IRS1"", ""FYN"", ""SNAI2"", ""DLC1"", ""PTGFR"", ""IGFBP5"", ""MAP1B"", ""TFPI"", ""SIPA1L1"", ""DAB2"", ""ITGB3"", ""TGFBR2"", ""PMP22"", ""ATP2C1"", ""SLC7A1"", ""CCN1"", ""PIK3CD"", ""PLPP3"", ""SYNE1"", ""AKT3"", ""LPAR1"", ""CELF2"", ""TGFBR3"", ""SCHIP1"", ""TENT4A"", ""FHL2"", 
""CDKN1B"")"
"35","HALLMARK_HYPOXIA",0.00120336943441637,0.00277008310249307,-0.49691482727352,-2.22873957543719,0,193,"c(""IL6"", ""TGFBI"", ""STC1"", ""STC2"", ""GLRX"", ""TGM2"", ""SDC2"", ""SERPINE1"", ""SLC6A6"", ""ADM"", ""P4HA1"", ""LOX"", ""TPST2"", ""BGN"", ""PIM1"", ""CAV1"", ""SLC2A5"", ""PDK1"", ""RORA"", ""CHST2"", ""PGK1"", ""ENO1"", ""BHLHE40"", ""PFKFB3"", ""CAVIN1"", ""LDHA"", ""DPYSL4"", ""F3"", ""KLF7"", ""DCN"", ""PNRC1"", ""NDST1"", ""HSPA5"", ""BNIP3L"", ""MT2A"", ""SRPX"", ""NFIL3"", ""SLC2A3"", ""COL5A1"", ""ENO2"", ""CHST3"", ""DDIT4"", ""TNFAIP3"", ""MIF"", ""HAS1"", ""CCN2"", ""S100A4"", ""IER3"", ""CAVIN3"", ""ERO1A"", ""CSRP2"", ""SDC3"", ""KDELR3"", ""HK2"", ""AKAP12"", ""GAPDH"", ""CCN1"", ""PDGFB"", 
""ZFP36"", ""PLAUR"", ""TGFB3"", ""PPFIA4"", ""RBPJ"", ""HDLBP"", ""ACKR3"", ""GPI"", ""SULT2B1"", ""CDKN1C"", ""ERRFI1"", ""ALDOB"", ""HK1"", ""TIPARP"", ""NAGK"", ""GPC4"", ""AMPD3"", ""PDK3"", ""CDKN1B"", ""ETS1"", ""KIF5A"", ""WSB1"", ""HEXA"", ""PAM"", ""ENO3"")"
"36","HALLMARK_ANGIOGENESIS",0.00153609831029186,0.00284462650054048,-0.675215939249736,-2.24930903469326,0,33,"c(""CXCL6"", ""TIMP1"", ""STC1"", ""FSTL1"", ""VCAN"", ""COL3A1"", ""NRP1"", ""LUM"", ""LPL"", ""COL5A2"", ""THBD"", ""ITGAV"", ""FGFR1"", ""POSTN"", ""S100A4"", ""KCNJ8"", ""APOH"")"
"37","HALLMARK_UNFOLDED_PROTEIN_RESPONSE",0.0012987012987013,0.00277008310249307,-0.555709889798866,-2.3262680994034,0,112,"c(""SLC7A5"", ""DNAJB9"", ""STC2"", ""SPCS3"", ""CEBPB"", ""XBP1"", ""NABP1"", ""CCL2"", ""CALR"", ""HSP90B1"", ""SSR1"", ""HERPUD1"", ""PDIA6"", ""MTHFD2"", ""CHAC1"", ""HSPA5"", ""SHC1"", ""XPOT"", ""DDIT4"", ""PAIP1"", ""EDEM1"", ""ERN1"", ""DNAJC3"", ""SERP1"", ""ERO1A"", ""POP4"", ""H2AX"", ""SLC1A4"", ""KDELR3"", ""NFYB"", ""SRPRA"", ""SRPRB"", ""ATF6"", ""GOSR2"", ""SDAD1"", ""LSM1"", ""PSAT1"", ""SEC31A"", ""EIF4E"", ""NOLC1"", ""DCP2"", ""FKBP14"", ""DCP1A"")"
"38","HALLMARK_IL2_STAT5_SIGNALING",0.00120918984280532,0.00277008310249307,-0.540129862103621,-2.41957911187463,0,194,"c(""SOCS1"", ""BATF"", ""GBP4"", ""CXCL10"", ""TGM2"", ""TNFRSF18"", ""IL2RA"", ""SELP"", ""TNFRSF8"", ""XBP1"", ""P4HA1"", ""NRP1"", ""MAPKAPK2"", ""FLT3LG"", ""PHLDA1"", ""PIM1"", ""RGS16"", ""RORA"", ""CST7"", ""BHLHE40"", ""BATF3"", ""TNFRSF1B"", ""FGL2"", ""IL18R1"", ""AHR"", ""GPR65"", ""ETV4"", ""COL6A1"", ""GADD45B"", ""IL1RL1"", ""MAP3K8"", ""ITGAV"", ""PRNP"", ""NFKBIZ"", ""ADAM19"", ""CD48"", ""NFIL3"", ""DENND5A"", ""ECM1"", ""PRAF2"", ""SLC2A3"", ""IL10RA"", ""HIPK2"", ""EOMES"", ""ITGAE"", ""TWSG1"", ""CD44"", ""CTLA4"", ""TNFSF10"", ""CD81"", ""CD86"", ""NCOA3"", ""CSF1"", ""F2RL2"", ""IRF8"", 
""SPRY4"", ""FURIN"", ""AGER"", ""IRF4"", ""TNFRSF4"", ""GABARAPL1"", ""CASP3"", ""LRRC8C"", ""PLSCR1"", ""IL2RB"", ""HK2"", ""IKZF2"", ""IFNGR1"", ""GUCY1B1"", ""SYT11"", ""LIF"", ""BCL2L1"", ""TRAF1"", ""MXD1"", ""CD83"", ""MUC1"", ""NCS1"", ""IL1R2"", ""ALCAM"", ""SELL"", ""RABGAP1L"", ""CDC42SE2"", ""SWAP70"", ""CAPG"", ""CDKN1C"", ""GSTO1"", ""PRKCH"", ""SERPINC1"", ""BMPR2"", ""SERPINB6"", ""CTSZ"", ""HUWE1"", ""TNFRSF9"", ""CCND2"", ""IL3RA"", ""CD79B"")"
"39","HALLMARK_APOPTOSIS",0.0012531328320802,0.00277008310249307,-0.553777615936947,-2.43039668880427,0,159,"c(""IL1B"", ""TIMP1"", ""MMP2"", ""IL6"", ""IRF1"", ""TAP1"", ""CASP1"", ""IL1A"", ""CFLAR"", ""CD38"", ""HGF"", ""LUM"", ""CASP8"", ""PEA15"", ""BGN"", ""CAV1"", ""TIMP2"", ""DPYD"", ""SAT1"", ""PDGFRB"", ""BIRC3"", ""SOD2"", ""CASP4"", ""GUCY2D"", ""GNA15"", ""DCN"", ""BTG2"", ""CD14"", ""GADD45B"", ""DAP"", ""PPT1"", ""FAS"", ""BNIP3L"", ""F2R"", ""TIMP3"", ""ENO2"", ""CD44"", ""AVPR1A"", ""PRF1"", ""TNFSF10"", ""CLU"", ""PPP3R1"", ""CDC25B"", ""BID"", ""IER3"", ""DNAJA1"", ""TNF"", ""DNAJC3"", ""MCL1"", ""TNFRSF12A"", ""CASP3"", ""IFNGR1"", ""CD2"", ""EGR3"", ""ANXA1"", ""CYLD"", ""BCL2L1"", ""GPX1"", ""CCND1"", 
""TGFBR3"", ""NEDD9"", ""XIAP"", ""CDKN1B"", ""GCH1"", ""CASP2"", ""CCND2"", ""PMAIP1"", ""ETF1"", ""FDXR"", ""SOD1"", ""PLAT"", ""CTNNB1"", ""DAP3"")"
"40","HALLMARK_KRAS_SIGNALING_UP",0.00120048019207683,0.00277008310249307,-0.55623583899476,-2.49403614635189,0,192,"c(""PLAU"", ""INHBA"", ""IL1B"", ""G0S2"", ""PRDM1"", ""CFB"", ""HSD11B1"", ""TMEM158"", ""PTGS2"", ""GFPT2"", ""TLR8"", ""FCER1G"", ""GLRX"", ""CXCL10"", ""C3AR1"", ""MMP9"", ""NRP1"", ""SERPINA3"", ""PDCD1LG2"", ""ADGRA2"", ""CLEC4A"", ""ADGRL4"", ""RGS16"", ""PRRX1"", ""IGF2"", ""BIRC3"", ""LY96"", ""CMKLR1"", ""MAFB"", ""LCP1"", ""TRIB2"", ""ETV1"", ""PECAM1"", ""TNFRSF1B"", ""ENG"", ""CTSS"", ""PLVAP"", ""MMD"", ""ETV4"", ""GUCY1A1"", ""ITGB2"", ""ST6GAL1"", ""DUSP6"", ""PSMB8"", ""LAT2"", ""BPGM"", ""DOCK2"", ""ITGA2"", ""GYPC"", ""LAPTM5"", ""IL10RA"", ""PEG3"", ""CFH"", ""CBL"", ""TFPI"", ""TNFAIP3"", 
""TMEM176A"", ""IRF8"", ""GPNMB"", ""ETV5"", ""ADAM8"", ""IKZF1"", ""IL7R"", ""GNG11"", ""ERO1A"", ""SCN1B"", ""TMEM176B"", ""NGF"", ""AKAP12"", ""PLAUR"", ""LIF"", ""TRAF1"", ""HKDC1"", ""GPRC5B"")"
"41","HALLMARK_COAGULATION",0.0012970168612192,0.00277008310249307,-0.589501344425628,-2.49879390517176,0,127,"c(""MMP1"", ""PLAU"", ""TIMP1"", ""MMP2"", ""CFB"", ""PLEK"", ""CTSB"", ""C2"", ""C1S"", ""SPARC"", ""VWF"", ""A2M"", ""C1R"", ""SERPINE1"", ""MMP8"", ""MMP9"", ""FBN1"", ""MMP14"", ""SERPINA1"", ""LTA4H"", ""SERPING1"", ""CTSH"", ""HTRA1"", ""CFI"", ""THBD"", ""PECAM1"", ""DPP4"", ""F3"", ""KLF7"", ""DUSP6"", ""FYN"", ""C1QA"", ""ADAM9"", ""ITGA2"", ""CTSK"", ""LAMP2"", ""TIMP3"", ""C3"", ""CFH"", ""CLU"", ""F2RL2"", ""ITGB3"", ""CRIP2"", ""FURIN"", ""SH2B2"", ""DUSP14"", ""F10"", ""CPQ"", ""PDGFB"", ""MMP7"", ""ANXA1"", ""RAPGEF3"", ""TFPI2"", ""ARF4"", ""HPN"", ""CTSO"", ""SERPINC1"", ""PLG"", ""APOC1"", ""ISCU"", 
""PLAT"", ""FGA"", ""F12"", ""CPB2"")"
"42","HALLMARK_MTORC1_SIGNALING",0.00118764845605701,0.00277008310249307,-0.56968643579111,-2.567902593471,0,200,"c(""IFI30"", ""SLC7A5"", ""WARS1"", ""STC1"", ""GLRX"", ""NAMPT"", ""SLC6A6"", ""XBP1"", ""P4HA1"", ""TBK1"", ""DAPP1"", ""RDH11"", ""CTSC"", ""LTA4H"", ""PDK1"", ""HPRT1"", ""ELOVL5"", ""PGK1"", ""PSMA3"", ""ENO1"", ""BHLHE40"", ""ME1"", ""CALR"", ""SHMT2"", ""HSP90B1"", ""LDHA"", ""RIT1"", ""NIBAN1"", ""SSR1"", ""FGL2"", ""PPA1"", ""SLC7A11"", ""PSMC2"", ""MTHFD2"", ""BTG2"", ""M6PR"", ""PIK3R3"", ""SERPINH1"", ""ITGB2"", ""UCHL5"", ""BCAT1"", ""HSPA5"", ""RAB1A"", ""NFIL3"", ""IGFBP5"", ""CANX"", ""SLC2A3"", ""TXNRD1"", ""SLA"", ""DDIT4"", ""TCEA1"", ""RRM2"", ""ACTR3"", ""CFP"", ""PSME3"", ""EDEM1"", ""PITPNB"", 
""STARD4"", ""PRDX1"", ""SERP1"", ""EGLN3"", ""ERO1A"", ""BUB1"", ""SLC1A4"", ""UFM1"", ""FADS1"", ""HK2"", ""GAPDH"", ""ACTR2"", ""PSMA4"", ""UBE2D3"", ""PPIA"", ""PSMD14"", ""SORD"", ""PSAT1"", ""PHGDH"", ""TRIB3"", ""FADS2"", ""PSMC4"", ""SDF2L1"", ""EIF2S2"", ""MLLT11"", ""SCD"", ""GPI"", ""HSPE1"", ""CORO1A"", ""MAP2K3"", ""NMT1"", ""GSK3B"", ""CCNF"", ""ETF1"", ""FDXR"", ""SKAP2"")"
"43","HALLMARK_COMPLEMENT",0.00120192307692308,0.00277008310249307,-0.61223698108342,-2.74801137881404,0,196,"c(""S100A9"", ""PSMB9"", ""TIMP1"", ""CFB"", ""MMP12"", ""CXCL1"", ""IL6"", ""IRF1"", ""PLEK"", ""CTSB"", ""COL4A2"", ""C2"", ""FCER1G"", ""CASP1"", ""GZMB"", ""C1S"", ""LCP2"", ""C1R"", ""S100A12"", ""SERPINE1"", ""CEBPB"", ""MMP8"", ""LAP3"", ""MMP14"", ""ATOX1"", ""CTSC"", ""SERPINA1"", ""PIM1"", ""TIMP2"", ""LTA4H"", ""SERPING1"", ""CTSH"", ""ERAP2"", ""JAK2"", ""ME1"", ""LYN"", ""ANXA5"", ""DOCK4"", ""CASP4"", ""GNAI2"", ""DPP4"", ""F3"", ""RASGRP1"", ""CD59"", ""CTSS"", ""ZEB1"", ""MMP13"", ""KYNU"", ""DUSP6"", ""DGKG"", ""FYN"", ""HSPA5"", ""GRB2"", ""IRF2"", ""C1QA"", ""ADAM9"", ""C4BPB"", ""LAMP2"", ""APOBEC3G"", 
""C3"", ""GCA"", ""MSRB1"", ""CFH"", ""KIF2A"", ""WAS"", ""CLU"", ""TNFAIP3"", ""PIK3R5"", ""DUSP5"", ""LCK"", ""EHD1"", ""CD55"", ""C1QC"", ""ITGAM"", ""CASP3"", ""PLSCR1"", ""F10"", ""CR1"", ""CTSL"", ""CPQ"", ""PDGFB"", ""USP15"", ""PLAUR"", ""LIPA"", ""CASP10"", ""GNGT2"", ""PDP1"", ""CASP5"", ""GNAI3"", ""TFPI2"", ""FCN1"", ""CR2"", ""PLA2G7"", ""CTSO"", ""GNB4"", ""SERPINC1"", ""GZMK"", ""PLG"", ""DOCK9"", ""APOC1"", ""GNG2"", ""DOCK10"", ""PIK3CG"")"
"44","HALLMARK_IL6_JAK_STAT3_SIGNALING",0.00138504155124654,0.00277008310249307,-0.694933241204654,-2.77047425233134,0,83,"c(""IL1B"", ""CXCL9"", ""CSF3R"", ""CXCL1"", ""IL6"", ""SOCS1"", ""IRF1"", ""CXCL11"", ""CXCL10"", ""STAT3"", ""IL2RA"", ""A2M"", ""EBI3"", ""CD38"", ""IL1R1"", ""SOCS3"", ""CXCL3"", ""CCR1"", ""CSF2RB"", ""PIM1"", ""IL15RA"", ""OSMR"", ""PTPN1"", ""STAT1"", ""TNFRSF1B"", ""IL18R1"", ""CD14"", ""TLR2"", ""MAP3K8"", ""PLA2G2A"", ""GRB2"", ""FAS"", ""CD44"", ""CBL"", ""CSF1"", ""PIK3R5"", ""ITGB3"", ""TNF"", ""CRLF2"", ""STAT2"", ""IL7"", ""TNFRSF12A"", ""IL6ST"", ""IFNGR1"", ""IL12RB1"", ""IRF9"", ""CXCL13"", ""LEPR"", ""IL1R2"", ""IL17RA"")"
"45","HALLMARK_INTERFERON_ALPHA_RESPONSE",0.00134048257372654,0.00277008310249307,-0.684353322269862,-2.81147291528587,0,97,"c(""PSMB9"", ""GBP2"", ""IFI30"", ""WARS1"", ""PSME2"", ""IRF1"", ""CXCL11"", ""TAP1"", ""CASP1"", ""GBP4"", ""CXCL10"", ""C1S"", ""IFITM2"", ""CD74"", ""UBE2L6"", ""BST2"", ""TMEM140"", ""LAP3"", ""TRAFD1"", ""BATF2"", ""CASP8"", ""NCOA7"", ""PSME1"", ""PSMA3"", ""B2M"", ""HLA-C"", ""LAMP3"", ""NMI"", ""IFITM1"", ""OGFR"", ""PSMB8"", ""IRF2"", ""NUB1"", ""RIPK2"", ""PARP14"", ""CSF1"", ""PARP9"", ""IFIT2"", ""STAT2"", ""IL7"", ""CNP"", ""ADAR"", ""CCRL2"", ""PLSCR1"", ""TRIM21"", ""SAMD9L"", ""IRF9"", ""EPSTI1"", ""RTP4"", ""LY6E"", ""LPAR6"", ""PROCR"", ""IL15"", ""SELL"", ""RNF31"", ""MOV10"")"
"46","HALLMARK_ALLOGRAFT_REJECTION",0.00120048019207683,0.00277008310249307,-0.662392888538134,-2.97002043249519,0,192,"c(""GBP2"", ""INHBA"", ""IL1B"", ""TIMP1"", ""CXCL9"", ""NOS2"", ""WARS1"", ""IL18RAP"", ""IL6"", ""FGR"", ""HLA-DQA1"", ""SOCS1"", ""CCL4"", ""TAP1"", ""C2"", ""ICAM1"", ""GZMB"", ""CD40"", ""SRGN"", ""IL2RA"", ""CD74"", ""CD80"", ""HLA-DRA"", ""TAPBP"", ""LCP2"", ""MMP9"", ""CCL2"", ""IL11"", ""CCR2"", ""CCR1"", ""THY1"", ""SPI1"", ""FCGR2B"", ""JAK2"", ""DYRK3"", ""IGSF6"", ""STAT1"", ""LYN"", ""HCLS1"", ""B2M"", ""TLR1"", ""HLA-DMB"", ""CXCR3"", ""HLA-DMA"", ""CDKN2A"", ""HLA-E"", ""CTSS"", ""TLR2"", ""GPR65"", ""ITGB2"", ""HIF1A"", ""BCAT1"", ""LY75"", ""FAS"", ""FYB1"", ""HLA-A"", ""PTPRC"", ""F2R"", ""RIPK2"", 
""ABI1"", ""DARS1"", ""PRF1"", ""CCR5"", ""WAS"", ""NCF4"", ""CD86"", ""CD7"", ""CSF1"", ""IRF8"", ""LCK"", ""CFP"", ""DEGS1"", ""PRKCB"", ""ST8SIA4"", ""IRF4"", ""TNF"", ""IFNAR2"", ""HLA-DOA"", ""IL7"", ""TAP2"", ""IL2RB"", ""IFNG"", ""IFNGR1"", ""PSMB10"", ""ITGAL"", ""CD2"", ""NLRP3"", ""IL12RB1"", ""LIF"", ""CSK"", ""LY86"", ""CCL11"", ""CCL22"", ""CXCL13"", ""HLA-DOB"", ""STAT4"", ""SOCS5"", ""IL15"", ""NME1"", ""TLR6"", ""INHBB"")"
"47","HALLMARK_TNFA_SIGNALING_VIA_NFKB",0.00119617224880383,0.00277008310249307,-0.66303439999467,-2.98454953534621,0,198,"c(""CXCL6"", ""PLAU"", ""INHBA"", ""IL1B"", ""G0S2"", ""CXCL1"", ""IL6"", ""CCL4"", ""PTGS2"", ""IRF1"", ""CXCL11"", ""PLEK"", ""GFPT2"", ""BCL6"", ""TAP1"", ""TNFAIP2"", ""BCL2A1"", ""CXCL10"", ""ICAM1"", ""IL1A"", ""NAMPT"", ""CFLAR"", ""CD80"", ""SERPINE1"", ""CEBPB"", ""PTPRE"", ""TNC"", ""SOCS3"", ""CXCL3"", ""CXCL2"", ""CCL2"", ""DUSP4"", ""MSC"", ""PHLDA1"", ""IL15RA"", ""TANK"", ""SAT1"", ""CEBPD"", ""BHLHE40"", ""PDE4B"", ""BIRC3"", ""SPHK1"", ""PFKFB3"", ""SOD2"", ""SLC2A6"", ""F3"", ""NFKB1"", ""IL23A"", ""BTG2"", ""NR4A3"", ""TLR2"", ""PNRC1"", ""RNF19B"", ""DRAM1"", ""KYNU"", ""GADD45B"", ""LITAF"", 
""MAP3K8"", ""PANX1"", ""NFIL3"", ""DENND5A"", ""RIPK2"", ""NFKBIA"", ""SLC2A3"", ""NINJ1"", ""STAT5A"", ""EGR2"", ""CD44"", ""FJX1"", ""GEM"", ""TNFAIP3"", ""CSF1"", ""DUSP5"", ""EHD1"", ""IFIT2"", ""IER3"", ""IL7R"", ""TNF"", ""MCL1"", ""TNFAIP8"", ""IL6ST"", ""CCRL2"", ""RELB"", ""TNIP1"", ""JUNB"", ""RCAN1"", ""CCN1"", ""ZFP36"", ""PLAUR"", ""EGR3"", ""LIF"", ""PMEPA1"", ""TRAF1"", ""MXD1"", ""PLPP3"", ""FOSL1"", ""ZC3H12A"", ""CCND1"", ""CD83"", ""PTX3"", ""NFKBIE"", ""DUSP2"", ""NFKB2"", ""NFAT5"", ""ACKR3"", ""B4GALT1"", ""BIRC2"", ""TIPARP"", ""EIF1"", ""MAP2K3"", ""BCL3"", ""SNN"", ""GCH1"", ""TNFRSF9""
)"
"48","HALLMARK_INFLAMMATORY_RESPONSE",0.00120192307692308,0.00277008310249307,-0.683454039712781,-3.06766748180349,0,196,"c(""CXCL8"", ""AQP9"", ""CXCL6"", ""INHBA"", ""IL1B"", ""TIMP1"", ""CXCL9"", ""CSF3R"", ""IL18RAP"", ""PDPN"", ""IL6"", ""IRF1"", ""CXCL11"", ""OSM"", ""CXCL10"", ""ICAM1"", ""IL1A"", ""VIP"", ""NAMPT"", ""CD40"", ""CXCR6"", ""TAPBP"", ""LCP2"", ""EBI3"", ""SERPINE1"", ""C3AR1"", ""PTPRE"", ""BST2"", ""IL1R1"", ""ADM"", ""CCL2"", ""MMP14"", ""FPR1"", ""SLC31A2"", ""PROK2"", ""IL15RA"", ""RGS16"", ""OSMR"", ""CHST2"", ""PDE4B"", ""TACR1"", ""SPHK1"", ""LYN"", ""SEMA4D"", ""CMKLR1"", ""FFAR2"", ""TLR1"", ""RNF144B"", ""ITGA5"", ""GPR132"", ""TNFRSF1B"", ""GNA15"", ""CYBB"", ""APLNR"", ""IL18R1"", ""AHR"", ""LAMP3"", 
""F3"", ""RASGRP1"", ""NFKB1"", ""NMI"", ""P2RX7"", ""PTAFR"", ""BTG2"", ""CD14"", ""TLR2"", ""IFITM1"", ""SLAMF1"", ""PTGIR"", ""HIF1A"", ""NOD2"", ""CX3CL1"", ""MEFV"", ""CD48"", ""RIPK2"", ""NFKBIA"", ""IL10RA"", ""ABI1"", ""CLEC5A"", ""SLC11A2"", ""TNFSF10"", ""CSF1"", ""PIK3R5"", ""SELENOS"", ""ITGB3"", ""LCK"", ""CD55"", ""IL7R"", ""ATP2C1"", ""MARCO"", ""SLC7A1"", ""SCN1B"", ""TNFSF15"", ""BEST1"", ""CCRL2"", ""IRAK2"", ""IL2RB"", ""ADGRE1"", ""KCNA3"", ""NLRP3"", ""CD82"", ""PLAUR"", ""LIF"", ""AXL"", ""RTP4"", ""MXD1"", ""CCL22"", ""LY6E"", ""IL15"", ""GNAI3"", ""EMP3"", ""SELL"")"
"49","HALLMARK_EPITHELIAL_MESENCHYMAL_TRANSITION",0.00119331742243437,0.00277008310249307,-0.690522662113788,-3.10900928036415,0,199,"c(""MMP1"", ""CXCL8"", ""CXCL6"", ""WNT5A"", ""INHBA"", ""TIMP1"", ""MMP2"", ""EFEMP2"", ""COL4A1"", ""COL7A1"", ""LOXL1"", ""CXCL1"", ""IL6"", ""TGFBI"", ""GAS1"", ""COL4A2"", ""SGCB"", ""FSTL1"", ""VCAN"", ""TGM2"", ""GJA1"", ""FAP"", ""MXRA5"", ""NID2"", ""RGS4"", ""SPARC"", ""ADAM12"", ""CALU"", ""SERPINE1"", ""TNC"", ""LAMC1"", ""FBN1"", ""COL3A1"", ""LOX"", ""MMP14"", ""LUM"", ""COL6A3"", ""FERMT2"", ""CDH11"", ""COL1A1"", ""THY1"", ""P3H1"", ""PCOLCE"", ""BGN"", ""FGF2"", ""PRRX1"", ""CALD1"", ""FBLN5"", ""SAT1"", ""PDGFRB"", ""HTRA1"", ""COL1A2"", ""COL5A2"", ""PPIB"", ""COLGALT1"", ""GPX7"", ""ITGA5"", 
""CTHRC1"", ""COL12A1"", ""CD59"", ""DCN"", ""FSTL3"", ""TPM2"", ""SERPINH1"", ""GADD45B"", ""COPA"", ""PTHLH"", ""IGFBP4"", ""ITGAV"", ""SNAI2"", ""FAS"", ""COL5A3"", ""FOXC2"", ""LGALS1"", ""BASP1"", ""ITGA2"", ""LOXL2"", ""ECM1"", ""GREM1"", ""VCAM1"", ""COL5A1"", ""PDLIM4"", ""POSTN"", ""DKK1"", ""NNMT"", ""TIMP3"", ""CADM1"", ""ENO2"", ""CD44"", ""LAMC2"", ""WIPF1"", ""LAMA2"", ""GEM"", ""COL6A2"", ""TNFAIP3"", ""DAB2"", ""ITGB3"", ""DPYSL3"", ""CCN2"", ""SERPINE2"", ""OXTR"", ""TPM4"", ""PMP22"", ""VIM"", ""TNFRSF12A"", ""CCN1"", ""PLAUR"", ""ECM2"", ""PMEPA1"", ""ITGB1"", ""IL15"", ""VEGFC"", ""PTX3"", 
""EMP3"", ""TFPI2"", ""COL16A1"", ""TGFBR3"", ""PLOD1"", ""FLNA"", ""CAPG"", ""MGP"", ""CDH6"", ""SPOCK1"", ""TGFB1"", ""MYL9"", ""SFRP4"", ""ANPEP"", ""GLIPR1"", ""CAP2"", ""CXCL12"")"
"50","HALLMARK_INTERFERON_GAMMA_RESPONSE",0.00119331742243437,0.00277008310249307,-0.717173352324041,-3.22900134976003,0,199,"c(""PSMB9"", ""IFI30"", ""CXCL9"", ""WARS1"", ""CFB"", ""PSME2"", ""IL6"", ""HLA-DQA1"", ""SOCS1"", ""CD274"", ""PTGS2"", ""IRF1"", ""CXCL11"", ""HLA-DRB1"", ""TAP1"", ""IDO1"", ""TNFAIP2"", ""CASP1"", ""GBP4"", ""CXCL10"", ""STAT3"", ""ICAM1"", ""C1S"", ""NAMPT"", ""IFITM2"", ""CD40"", ""CIITA"", ""SLAMF7"", ""CD74"", ""TAPBP"", ""LCP2"", ""C1R"", ""SELP"", ""UBE2L6"", ""CD38"", ""BST2"", ""SOCS3"", ""LAP3"", ""TRAFD1"", ""CCL2"", ""BATF2"", ""APOL6"", ""CASP8"", ""FPR1"", ""CSF2RB"", ""RNF213"", ""PIM1"", ""IL15RA"", ""SERPING1"", ""PSME1"", ""PSMA3"", ""JAK2"", ""PDE4B"", ""PTPN1"", ""STAT1"", ""LATS2"", 
""CMKLR1"", ""B2M"", ""PML"", ""SOD2"", ""CASP4"", ""HLA-DMA"", ""FCGR1A"", ""FGL2"", ""NFKB1"", ""NMI"", ""MTHFD2"", ""PSMA2"", ""ZBP1"", ""OGFR"", ""ST3GAL5"", ""HIF1A"", ""PSMB8"", ""BPGM"", ""FAS"", ""IRF2"", ""P2RY14"", ""MT2A"", ""HLA-A"", ""RIPK2"", ""NFKBIA"", ""NLRC5"", ""IL10RA"", ""VCAM1"", ""PARP14"", ""CFH"", ""TNFSF10"", ""PSMB2"", ""TNFAIP3"", ""CD86"", ""HLA-B"", ""NCOA3"", ""IRF8"", ""SECTM1"", ""ARID5B"", ""ST8SIA4"", ""IFIT2"", ""IRF4"", ""ZNFX1"", ""IFNAR2"", ""STAT2"", ""ISOC1"", ""IL7"", ""CASP3"", ""ADAR"", ""PLSCR1"", ""TRIM21"", ""IL2RB"", ""PSMB10"", ""SAMD9L"", ""LYSMD2"", ""IRF9"", 
""SAMHD1"", ""VAMP5"", ""EPSTI1"", ""RTP4"", ""LY6E"", ""PELI1"", ""STAT4"")"
